nameGiven,starting_year,starting_team,ending_year,ending_team
Kirk Edward,1985,CAL,1996,CHA
Mariano,1985,LAN,1997,NYA
Teodoro Valenzuela,1985,ML4,1994,ML4
Roger Alan,1985,NYN,1996,BAL
Timothy Dean,1985,OAK,1990,CIN
Vincent Maurice,1985,SLN,1997,DET
Paul Andre,1986,ATL,1999,CLE
Edward R.,1986,ATL,1988,ATL
Robert Clifford,1986,ATL,1986,ATL
Charles Edward,1986,CAL,2002,CLE
Wallace Keith,1986,CAL,2001,ANA
Roberto Martin Antonio,1986,CHA,2001,SLN
Ronald Joseph,1986,CHA,1997,CHA
Joel Jacob,1986,CHA,1987,CHA
Robert Thomas,1986,CHA,1994,SEA
Joseph Michael,1986,CHN,1986,CHN
Jamie,1986,CHN,2012,COL
Kalvoski,1986,CIN,1992,LAN
Tracy Donald,1986,CIN,1991,SEA
Barry Louis,1986,CIN,2004,CIN
Kurt Andrew,1986,CIN,1996,TEX
Andrew Neal,1986,CLE,1995,CAL
Scott Alan,1986,CLE,1998,TEX
James Cory,1986,CLE,1994,LAN
Forest Gregory,1986,CLE,2002,ARI
Eric Steven,1986,DET,1992,DET
Michael Scott,1986,KCA,1995,NYA
Michael Scott,1986,KCA,1996,PIT
Jeffrey Robert,1986,LAN,1991,LAN
Christopher Louis,1986,ML4,1996,SEA
Glenn Erick,1986,ML4,1992,CIN
Bryan Richard,1986,ML4,1989,ML4
Juan Manuel,1986,ML4,1988,ML4
Daniel Thomas,1986,ML4,2003,PHI
Dale Curtis,1986,ML4,1999,PIT
Luis Antonio,1986,MON,1998,KCA
Douglas Dean,1986,NYA,1998,BAL
Kevin Daniel,1986,NYN,2000,LAN
Edward John,1986,NYN,1988,KCA
Mark David,1986,OAK,2001,SLN
William Craig,1986,OAK,1986,OAK
Eric Vaughn,1986,OAK,1999,MIL
Michael Ray,1986,PHI,2004,CHA
Michael Ausley,1986,PHI,2000,HOU
Barry Lamar,1986,PIT,2007,SFN
John Martin,1986,SDN,1995,CHA
Leon Joseph,1986,SDN,1998,DET
Michael Peter,1986,SFN,1996,CAL
William Nuschler,1986,SFN,2000,BAL
Kelly Robert,1986,SFN,1993,OAK
Randy Scott,1986,SFN,1990,BOS
Robert Randall,1986,SFN,1996,SFN
Gregory Inman,1986,SLN,1992,PHI
John Daniel,1986,SLN,1992,CAL
Peter Joseph,1986,TEX,1998,DET
Peter Joseph,1986,TEX,1998,HOU
Robert Andrew,1986,TEX,2001,ARI
Jeffrey Joseph,1986,TOR,1990,NYN
Jeffrey Michael,1987,ATL,1999,CHN
Thomas Michael,1987,ATL,2008,ATL
William Oliver,1987,BAL,1998,DET
Mark Alan,1987,BAL,1994,BAL
Ellis Rena,1987,BOS,2004,BOS
Lester Wayne,1987,CHN,1993,SLN
Terence Roy,1987,CIN,1994,SLN
Thomas Lee,1987,CLE,1989,CLE
Michael Alan,1987,DET,1996,TEX
Jeffrey Mark,1987,DET,1992,TEX
Kenneth Gene,1987,HOU,2001,TEX
John Kirk,1987,KCA,1990,CHA
Shawn Patrick,1987,LAN,1993,OAK
Tracy Michael,1987,LAN,1993,SLN
William James,1987,ML4,2005,BAL
Randy Lee,1987,NYA,2002,OAK
Gregory James,1987,OAK,1998,TEX
Luis Andrew,1987,OAK,2000,DET
Wallace Reid,1987,PHI,1992,PHI
Shane Lee,1987,SDN,1998,OAK
Eric Carl,1987,SDN,1991,SDN
Jose,1987,SEA,1990,CHN
Kenneth Lance,1987,SLN,2000,NYA
Joseph David,1987,SLN,1996,CHA
Thomas Alan,1987,SLN,1998,SLN
Jose Joaquin,1988,BAL,1997,SLN
Oswald Jose,1988,BAL,1988,BAL
Brady Kevin,1988,BOS,2002,CLE
Steven Clark,1988,BOS,1988,BOS
John Howard,1988,BOS,1988,BOS
Frank Lawrence,1988,CAL,1988,CAL
Rolando Audley,1988,CHN,1990,CIN
Christopher Andrew,1988,CIN,1996,CIN
Tanner Joe,1988,ML4,1989,ML4
Ulises,1988,SDN,1988,SDN
Kenneth Wade,1988,SLN,2001,TBA
Jose Isabel,1988,TEX,1988,TEX
Silvestre,1988,TOR,1991,PHI
Jeffrey Barret,1989,ATL,1989,ATL
Edward Morris,1989,ATL,1989,ATL
Steven Allen,1989,BAL,2007,COL
Eric Paul,1989,BOS,1990,BOS
James Anthony,1989,CAL,1999,MIL
Kent McKay,1989,CAL,1990,CAL
Robert Richard,1989,CAL,1992,CAL
James Gregory,1989,CHA,1994,SEA
Joseph Elliott,1989,CHN,2003,SLN
John Dwight,1989,CHN,1996,ATL
Joseph Melton,1989,CIN,2001,NYA
Jeffrey Scott,1989,CIN,1993,BOS
Michael Joseph,1989,CIN,1990,CIN
William Scott,1989,CIN,1993,CLE
Albert Jojuan,1989,CLE,2000,BAL
Steven Robert,1989,CLE,1992,CLE
Brian Andrew,1989,DET,1990,DET
Kevin D.,1989,DET,1998,COL
Joseph Douglas,1989,DET,1998,PIT
Eric Girard,1989,HOU,1993,CHN
Richard Fred,1989,KCA,1990,ATL
Matthew Littleton,1989,KCA,1989,KCA
John Karl,1989,LAN,2000,TEX
Michael Lawrence,1989,MIN,1996,MON
Mark Andrew,1989,MIN,2003,CHN
Walter William,1989,MIN,1997,LAN
Gary Anthony,1989,MIN,1994,LAN
William Derrick,1989,ML4,1990,ML4
Jaime,1989,ML4,2000,MIL
Jeffrey Allen,1989,ML4,1989,ML4
William James,1989,ML4,2001,HOU
Marquis Deon,1989,MON,2005,SFN
Tyrone Eugene,1989,MON,1995,BAL
Jeffrey Wayne,1989,PIT,1999,KCA
Andrew Charles,1989,SDN,2002,SLN
Daniel Lee,1989,SDN,1989,SDN
George Kenneth,1989,SEA,2010,SEA
Omar Enrique,1989,SEA,2012,TOR
Todd Edward,1989,SLN,2004,NYN
Kenneth Scott,1989,TEX,2008,DET
Samuel Peralta,1989,TEX,2007,TEX
Junior Francisco,1989,TOR,1994,DET
Victor Manuel,1990,ATL,1990,ATL
Leonardo,1990,BAL,1996,CHN
Scott Kendrick,1990,BOS,1997,KCA
Dana Ervin,1990,BOS,1991,BOS
DeWain Lee,1990,CAL,2002,MON
Clifford Raphael,1990,CAL,1993,CLE
Craig Allen,1990,CHA,2001,BOS
Jerry Scott,1990,CHA,1990,CHA
Kevin Gerard,1990,CLE,1990,CLE
Jeffrey Paul,1990,CLE,2000,COL
Jeffrey Lee,1990,CLE,2001,LAN
Scott Phillip,1990,DET,2000,PHI
David Travis,1990,DET,2002,CLE
Andujar,1990,HOU,1996,SDN
David Grant,1990,HOU,1992,CLE
Michael Howard,1990,HOU,1999,TEX
Carlos Cesar,1990,KCA,1993,ML4
Brian Wesley,1990,KCA,1999,NYN
Terrance Darnell,1990,KCA,2003,TBA
Jose Antonio,1990,LAN,2005,PHI
Paul David,1990,MIN,2004,TBA
Scott Thomas,1990,MIN,1999,KCA
Narciso Chicho,1990,ML4,1990,ML4
Delino Lamont,1990,MON,2002,CHN
Howard Earl,1990,MON,1990,MON
Melquiades,1990,MON,1999,LAN
William Albert,1990,MON,1994,CAL
Alan Bernard,1990,NYA,2001,BAL
Todd Randolph,1990,NYN,2003,LAN
Julio Enrique,1990,NYN,1996,KCA
Osvaldo,1990,OAK,1993,SLN
Scott Michael,1990,OAK,1992,TEX
Steven Bernard,1990,OAK,1990,OAK
David Michael,1990,PHI,2002,PHI
Charles Ray,1990,PHI,1990,PHI
Moises Rojas,1990,PIT,2008,NYN
Carlos Jesus,1990,PIT,1999,SDN
Orlando Luis,1990,PIT,2003,HOU
Thomas Sylvester,1990,SDN,2000,SLN
Omar,1990,SDN,2001,PIT
David Allen,1990,SEA,2004,MIL
Andres Confesor,1990,SFN,1990,SFN
Rodney Lee,1990,SLN,1993,SLN
Raymond Lewis,1990,SLN,2004,SLN
Carl Ray,1990,SLN,1992,PHI
Kevin Donnell,1990,TEX,1990,TEX
Brian Edward,1990,TEX,2001,COL
Ramon,1990,TEX,1990,TEX
Michael Cole,1991,BAL,2008,NYA
Arthur Lee,1991,BAL,2011,TEX
Maurice Samuel,1991,BOS,2003,NYN
Roberto Manuel,1991,CHA,2007,CLE
Erik Daniel,1991,CHN,1994,SLN
Heath,1991,CHN,2000,SLN
Reginald Jirod,1991,CIN,1999,BOS
Bruce Edward,1991,CLE,1991,CLE
Thomas Joseph,1991,CLE,1993,CLE
Edward Kenneth,1991,CLE,2001,CLE
James Howard,1991,CLE,2012,PHI
Daniel Michael,1991,DET,1991,DET
Darryl Andrew,1991,HOU,2002,SLN
Kenneth,1991,HOU,2007,TEX
Jose,1991,HOU,1991,HOU
David Wayne,1991,KCA,1999,SLN
Bernabe,1991,NYA,2006,NYA
Peter Alan,1991,NYN,2001,BOS
Kimothy Emil,1991,PHI,1996,SFN
Jeremy Stuart,1991,SDN,1995,FLO
Mark Willard,1991,SLN,2000,TEX
Juan Andres,1991,TOR,2000,TBA
Patrick George,1991,TOR,2004,TOR
Randy Duane,1991,TOR,2001,MON
Michael August,1991,TOR,2008,BOS
Bienvenido,1992,ATL,1994,PHI
Peter Alexander,1992,BOS,1992,BOS
Paul John,1992,BOS,2005,NYA
Kenneth Frederick,1992,BOS,1999,PHI
John William,1992,BOS,2002,NYN
Chad David,1992,CAL,2001,TEX
Jacob Donnell,1992,CIN,1999,LAN
Jacob Donnell,1992,CIN,1999,TOR
Alan Duane,1992,CLE,2009,COL
John Harold,1992,DET,1996,BOS
Juan Antonio,1992,HOU,1992,HOU
Floyd Bluford,1992,HOU,1999,SEA
Williams,1992,ML4,1993,ML4
Jonathan,1992,MON,1994,NYN
Andrew Neal,1992,NYA,1998,ARI
Robert Joe,1992,NYA,2007,ATL
Miguel Jerez,1992,PIT,2012,NYN
Brian O'Neal,1992,SLN,2006,ATL
Jeffrey Dustin,1992,TEX,2001,TOR
Jeffrey Franklin,1992,TOR,2008,LAN
Richard Alan,1992,TOR,1997,BOS
Richard Alan,1992,TOR,1997,NYN
Ramon,1993,ATL,1995,SLN
Larry Wayne,1993,ATL,2012,ATL
Gregory Winston,1993,ATL,2000,ATL
Damon Jackson,1993,BAL,2001,CHN
George Kevin,1993,BAL,1993,BAL
Sherman Omar,1993,BAL,1997,MON
John Preston,1993,BAL,1993,BAL
Aaron Helmer,1993,BOS,2007,NYN
Brian James,1993,CAL,2005,KCA
James Patrick,1993,CAL,2010,MIL
Jason Phillip,1993,CHA,2003,CLE
Jeffrey William,1993,CHA,1994,CHA
Stephen Christopher,1993,CHN,2008,BAL
Matthew Lovick,1993,CHN,2003,DET
Ross John,1993,CIN,1995,HOU
Gerard Peter,1993,CLE,2000,COL
Manuel Aristides,1993,CLE,2011,TBA
Julian,1993,CLE,2009,WAS
Curtis John,1993,COL,2004,KCA
Claude Jayhawk,1993,COL,1996,COL
Lance Telford,1993,COL,2003,SLN
Sean Frederick,1993,DET,2000,MIN
Gregory James,1993,DET,1996,DET
Christopher Cory,1993,DET,2008,PIT
Carl Edward,1993,FLO,2006,SEA
Trevor William,1993,FLO,2010,MIL
John William,1993,FLO,2000,SFN
Scott Vernon,1993,FLO,2000,KCA
Darrell Lamont,1993,FLO,1995,FLO
Todd Barton Givin,1993,HOU,2008,DET
William Robert,1993,KCA,1999,PHI
Raul Ramon,1993,LAN,2005,ATL
Richard Godhard,1993,MIN,2000,OAK
Edward Adrain,1993,MIN,2009,TEX
Patrick James,1993,MIN,2001,PIT
Mark Andrew,1993,ML4,1996,ML4
Joseph Robert,1993,ML4,1995,CHN
Graeme John,1993,ML4,2003,NYN
Matthew Todd,1993,ML4,2000,HOU
Angel Luis,1993,ML4,1997,ML4
Frank Charles,1993,MON,1998,ANA
Cornelius Clifford,1993,MON,2009,SDN
Arthur Louis,1993,MON,1998,CHA
Michael Thomas,1993,MON,2001,BOS
Kirk Wesley,1993,MON,2005,SFN
Joseph Todd,1993,MON,1998,DET
Rondell Bernard,1993,MON,2007,MIN
Timothy Paul,1993,NYN,2001,LAN
Michael Anthony,1993,NYN,1993,NYN
Robert Leon,1993,NYN,2000,MIN
Robert Joseph,1993,NYN,2002,SDN
David William,1993,NYN,1998,OAK
Kurt Thomas,1993,OAK,2001,ATL
Brent Robert,1993,OAK,1999,MIN
Eric James,1993,OAK,1995,OAK
Craig Harold,1993,OAK,2003,DET
Tyler Scott,1993,PHI,1998,PHI
Anthony Eugene,1993,PHI,1995,PHI
Kevin Douglas,1993,PHI,2000,TBA
Daniel,1993,PIT,2006,TBA
Bradley David,1993,SDN,2010,LAN
Patrick Alexander,1993,SDN,1995,SFN
Ricardo,1993,SDN,2004,NYN
Scott Gerald,1993,SDN,1999,CHN
Darrell Edward,1993,SDN,1993,SDN
Timothy Howard,1993,SDN,2006,SFN
John Russell,1993,SEA,1997,DET
Marc Alexander,1993,SEA,1998,MIL
Lee Owen,1993,SEA,1997,SEA
Fernando,1993,SEA,2004,DET
Gregory Scott,1993,SFN,1993,SFN
Thomas James,1993,SLN,1996,SLN
Allen Kenneth,1993,SLN,2000,NYA
Jacob Jeffery,1993,TEX,1995,ML4
Romar Benjamin,1993,TEX,2003,ANA
Robert Allen,1993,TEX,2002,SFN
Darren Christopher,1993,TEX,2013,TOR
Scott John,1993,TOR,1998,ARI
Robert Frank John,1993,TOR,1999,TOR
William Emisael,1993,TOR,1993,TOR
Shawn David,1993,TOR,2007,NYN
Gregory Scott,1993,TOR,2007,HOU
Jose,1994,ATL,1995,ATL
Timothy Layne,1994,BOS,1996,ML4
Garret Joseph,1994,CAL,2010,LAN
Jorge,1994,CAL,2002,ANA
Dane Edward,1994,CHA,1997,OAK
Blaise Francis,1994,CHN,1994,CHN
Hector,1994,CIN,2007,LAA
Steven Antone,1994,CIN,1995,PIT
Chad Wayne,1994,CLE,1999,PHI
Herbert Edward,1994,CLE,2004,TEX
Mark Radford,1994,COL,2000,SLN
Kurt Everett,1994,FLO,1999,CHN
John Raymond,1994,HOU,1999,CIN
Brian Lee,1994,HOU,2003,HOU
Orlando,1994,HOU,1997,DET
James Raleigh,1994,HOU,2001,MIL
Roberto Antonio,1994,HOU,2006,SEA
David Scott,1994,HOU,2003,CHN
Darren James,1994,LAN,2004,LAN
Chan Ho,1994,LAN,2010,NYA
Ismael,1994,LAN,2005,FLO
Keith John,1994,MIN,1994,MIN
Juan Carlos,1994,MIN,2004,MIN
Erik Paul,1994,MIN,1995,MIN
Jeffrey Howard,1994,ML4,2007,MIN
Michael Scott,1994,ML4,2006,SFN
Joseph Raymond,1994,MON,2006,WAS
Russell Stuart,1994,NYA,2001,SFN
Mark Robert,1994,OAK,1997,OAK
Michael Scott,1994,PHI,2007,LAN
Robert Lee,1994,PHI,2002,MIN
Jonathan Ray,1994,PIT,2008,CHN
Jeffrey Jon,1994,PIT,2001,SLN
Richard Allen,1994,PIT,2007,HOU
Donald Glenn,1994,SDN,1995,SDN
Bryce Bettencourt,1994,SDN,2001,BOS
Ray Arthur,1994,SDN,2000,KCA
Timothy James,1994,SDN,1999,FLO
Keith Virgil,1994,SDN,2003,SDN
Anthony Joseph,1994,SDN,1998,DET
Jeffrey Scott,1994,SEA,1997,CHA
Timothy Howard,1994,SEA,1997,SEA
Alexander Emmanuel,1994,SEA,2013,NYA
William Joseph,1994,SFN,1997,SFN
John Steven,1994,SLN,2007,COL
Thurman Clyde,1994,TEX,2002,TEX
James Lavon,1994,TEX,1994,TEX
Alexander Scott,1994,TOR,2006,PHI
Eduardo Rafael,1995,ATL,2005,ATL
Jason David,1995,ATL,2009,LAN
Joseph Thomas,1995,BAL,2008,CLE
James Michael,1995,BAL,1995,BAL
Curtis LaMar,1995,BAL,1999,CHN
Rick Michael,1995,BAL,1998,CLE
Gregory Owen,1995,BAL,2010,MIL
Vaughn Michael,1995,BOS,1997,BOS
Dwayne Samuel,1995,BOS,1996,BOS
Michael Elmo,1995,CAL,2002,COL
Orlando,1995,CAL,2007,HOU
Troy Eugene,1995,CAL,2009,TBA
Michael David,1995,CHA,1997,CHA
Michael Terrance,1995,CHA,2011,BOS
Ray,1995,CHA,2008,SFN
Brian Lee,1995,CHA,1996,CHA
Lyle Joseph,1995,CHA,2001,FLO
William Anthony,1995,CHA,2000,CHA
Terry Wayne,1995,CHN,2005,PHI
Matthew Neil,1995,CHN,2003,ATL
Eric Blake,1995,CIN,2003,ANA
Brian Stephen,1995,CLE,2009,SDN
Juan Carlos,1995,COL,2003,NYA
Charles Roger,1995,COL,1997,COL
Jason Charles,1995,COL,1998,COL
Jorge Manuel,1995,COL,1996,COL
Robert Leigh,1995,DET,2005,DET
Todd Anthony,1995,DET,1996,SDN
Matthew Bruce,1995,FLO,2005,BOS
Michael Stanley,1995,FLO,2007,NYA
Marc Christopher,1995,FLO,2001,ATL
Quilvio Alberto,1995,FLO,2001,ATL
Phillip Joseph,1995,HOU,2006,TEX
William Edward,1995,HOU,2010,ATL
Donnell Lee,1995,HOU,2002,ANA
Edgar Fidel,1995,KCA,1995,KCA
Richard Allen,1995,KCA,1996,KCA
Leslie Eugene,1995,KCA,1996,KCA
Jonathan Keith,1995,KCA,2000,NYN
James Michael,1995,KCA,1999,KCA
Joseph Gregory,1995,KCA,2006,PIT
Christopher Desmond,1995,KCA,2004,PIT
Michael John,1995,KCA,2010,SEA
Dilson Dario,1995,KCA,1995,KCA
Roger Leandro,1995,LAN,2005,SLN
Gustavo Karim,1995,LAN,2004,NYN
Gregory Michael,1995,LAN,1999,PIT
Todd Mathew,1995,LAN,2006,CLE
Antonio Pedro,1995,LAN,2005,WAS
Martin Kevin,1995,MIN,2003,BAL
Matthew,1995,MIN,2006,SEA
Dan Patrick,1995,MIN,1995,MIN
Juan Oscar,1995,MIN,1995,MIN
Brad William,1995,MIN,2006,MIN
Scott Allen,1995,MIN,1995,MIN
Brian Allen,1995,ML4,1996,ML4
Randall Scott,1995,ML4,2000,COL
Mark David,1995,ML4,2009,LAN
James Brian,1995,ML4,1997,ML4
Rafael Alberto,1995,ML4,2008,TBA
Ronald Gene,1995,ML4,1995,ML4
Sidney Dean,1995,ML4,1995,ML4
Steven William,1995,ML4,2004,ARI
Mark James,1995,MON,2010,CLE
Carlos Gross,1995,MON,2000,LAN
Ugueth Urtain,1995,MON,2005,DET
Brian Edward,1995,NYA,2004,PIT
Andrew Eugene,1995,NYA,2013,NYA
Mariano,1995,NYA,2013,NYA
Edgardo Antonio,1995,NYN,2006,LAA
Jeffrey Finas,1995,NYN,1999,COL
Donald Emery,1995,NYN,1995,NYN
Jason Derik,1995,NYN,2012,LAA
Aaron David,1995,NYN,2000,COL
Alex,1995,NYN,2002,MIL
Robert Alan,1995,NYN,2003,BOS
Peter Brian,1995,NYN,2006,TOR
Douglas Alan,1995,OAK,1999,BAL
Ariel,1995,OAK,2001,TBA
John Truman,1995,OAK,2007,PIT
Steven Joseph,1995,OAK,1997,OAK
Gary David,1995,PHI,2008,LAN
Michael James,1995,PHI,1999,PHI
Kevin Wayne,1995,PHI,2001,PHI
Michael Randall,1995,PHI,1997,PHI
Eugene David,1995,PHI,1996,PHI
Jason Samuel,1995,PIT,2005,SFN
Angelo Benjamin,1995,PIT,1997,ANA
John Edward,1995,PIT,1997,PIT
Freddy Adrian,1995,PIT,1999,PIT
Mark Patrick,1995,PIT,2002,NYN
Esteban Antonio,1995,PIT,2008,LAN
Steven Michael,1995,PIT,2003,TBA
Christopher Jon,1995,SEA,2006,CHA
Richard Santo,1995,SFN,2009,SFN
Marvin Larry,1995,SFN,2003,SFN
Christopher Wayne,1995,SFN,1996,SFN
Joseph Donald,1995,SFN,1995,SFN
Allen Zelmo,1995,SLN,1996,OAK
David Michael,1995,SLN,2006,PHI
Timothy Jay,1995,SLN,2002,HOU
Mark Patrick,1995,SLN,2008,LAN
Mark Clay,1995,TEX,1997,BOS
Wilson,1995,TEX,1997,TEX
Timothy Lyle,1995,TOR,2001,TEX
Edwin Amilgar,1995,TOR,1997,SEA
Ricardo,1995,TOR,1998,CIN
Paul Gerard,1995,TOR,1997,SDN
James Randall,1995,TOR,1995,TOR
Jermaine Terrell,1996,ATL,2009,CHA
Tyler Sam,1996,ATL,2003,PHI
Andruw Rudolf,1996,ATL,2012,NYA
Michael Wayne,1996,BAL,1996,BAL
Alexander,1996,BOS,1996,BOS
Anthony Nomar,1996,BOS,2009,OAK
George Alberto,1996,CAL,1999,SDN
Jason Royce,1996,CAL,2000,ANA
Todd Anthony,1996,CAL,2006,SFN
Hernando Petrocelli,1996,CAL,1998,ANA
Michael Brooks,1996,CHN,2004,MIL
Neifi Neftali,1996,COL,2007,DET
Jamey Alan,1996,COL,2014,LAN
Kimera Anotchi,1996,DET,2001,ANA
Gregory Charles,1996,DET,1998,DET
Trever Douglas,1996,DET,2011,SLN
Luis Antonio,1996,FLO,2010,NYN
Felix,1996,FLO,2005,NYN
William Edward,1996,FLO,2004,OAK
Alvin,1996,HOU,1999,KCA
Mark Allan,1996,HOU,1996,HOU
James Andrew,1996,KCA,1996,KCA
Jose Antonio,1996,KCA,2000,KCA
Michael Joseph,1996,MIN,1996,MIN
Daniel Donovan,1996,MIN,1999,NYA
Todd Arthur,1996,MIN,2007,OAK
Jeffrey Charles,1996,ML4,2004,CLE
Michael Larry,1996,ML4,1996,ML4
Andrew Junipero,1996,NYA,2004,MON
Matthew Clifford,1996,NYA,1999,ANA
Ezra Dale,1996,NYA,1996,NYA
Derek Robert,1996,NYN,1999,KCA
Paul Anthony,1996,NYN,2005,CIN
William Edward,1996,OAK,1997,OAK
Brian Herbert,1996,OAK,2002,TOR
Damon Wayne,1996,OAK,1998,ANA
Steven Lewis,1996,OAK,2000,SDN
Kerwin Lamar,1996,OAK,1996,OAK
Lucas Matthew,1996,PHI,1998,PHI
Richard Thomas,1996,PHI,1996,PHI
Wendell Errol,1996,PHI,2002,DET
Larry Paul,1996,PHI,1996,PHI
Glenn Everett,1996,PHI,1996,PHI
Scott Bruce,1996,PHI,2012,CIN
Jermaine LaMont,1996,PIT,1999,NYN
Francisco,1996,PIT,2000,PIT
Jason Daniel,1996,PIT,2010,KCA
Christopher Michael,1996,PIT,2001,MON
Marc Allen,1996,PIT,2001,PIT
Gregory O'Neil,1996,SEA,1998,SEA
Steven James,1996,SFN,1996,SFN
Jason Kyle,1996,SFN,2002,MIN
Osvaldo,1996,SFN,2001,CIN
Dax Xenos,1996,SFN,1996,SFN
Douglas Anthony,1996,SFN,2007,BOS
Desi Bernard,1996,SFN,1996,SFN
Michael James,1996,SLN,1999,SLN
Eric David,1996,SLN,1999,TOR
Miguel,1996,SLN,1996,SLN
Dmitri Dell,1996,SLN,2008,WAS
Tilson Manuel,1996,TOR,1997,TOR
Felipe Javier,1996,TOR,2001,SFN
Shigetoshi,1997,ANA,2005,SEA
Michael Peter,1997,ATL,1999,ATL
Michael Keith,1997,BAL,2001,MON
Robinson,1997,BOS,1999,LAN
Scott Alan,1997,CHA,2009,PHI
Keith Charles,1997,CHA,2008,OAK
Magglio,1997,CHA,2011,DET
Mario A.,1997,CHA,2001,OAK
Ramon Francisco,1997,CHN,1998,TBA
Calvin,1997,CIN,2004,BOS
Bartolo,1997,CLE,2014,NYM
Steven James,1997,CLE,2007,SFN
Jaret Samuel,1997,CLE,2007,BAL
Michel Dwain,1997,COL,2006,COL
Todd Lynn,1997,COL,2013,COL
John Carl,1997,COL,2007,TOR
Deivi,1997,DET,2005,SFN
Fernando,1997,DET,1997,DET
Thomas Bubba,1997,DET,2003,NYA
Antonio,1997,FLO,2007,PHI
Anthony Scott,1997,FLO,1999,TBA
Matthew Michael,1997,FLO,2000,SDN
Richard Jose,1997,HOU,2005,TEX
Thomas Edgar,1997,HOU,2007,COL
Shane David,1997,KCA,2004,ANA
Jed Ramon,1997,KCA,1999,KCA
Glendon James,1997,KCA,2009,COL
James Ross,1997,KCA,2009,BAL
Matthew Michael,1997,KCA,2000,SDN
Damian Donald,1997,MIN,2007,MIL
Shayne Anthony,1997,MON,1999,MON
Jose Angel,1997,MON,2008,SEA
Hideki,1997,NYA,2002,TEX
Cory Fulton,1997,NYN,2006,PHI
Bradley Kenneth,1997,OAK,2000,KCA
Miguel Odalis,1997,OAK,2013,KCA
Edgar Jose,1997,PHI,1997,PHI
Jose Manuel,1997,PIT,2010,KCA
Kevin Michael,1997,PIT,1998,PIT
William Joseph,1997,SDN,2004,ATL
Curtis Albert,1997,SLN,1999,SLN
Matthew Christian,1997,SLN,2008,PIT
Julio Franklin,1997,TEX,2006,PHI
Fernando,1997,TEX,2010,NYN
Christopher John,1997,TOR,2012,SLN
Jose Luis,1997,TOR,2008,HOU
Kelvim Jose,1997,TOR,2009,LAA
Troy,1998,ANA,2010,ATL
Benjamin Cooper,1998,ARI,2004,MIL
Travis Reynolds,1998,ARI,2006,TBA
Adam Christopher,1998,ATL,1998,ATL
Brian Christopher,1998,ATL,1999,FLO
Willis Alexander,1998,BAL,1999,BAL
Chadwick Lee,1998,CHA,2009,TBA
Bobby Dean,1998,CHA,2010,ARI
James Vo,1998,CHA,2003,TBA
John Michael,1998,CHA,2000,MIL
Craig Franklin,1998,CHA,2000,CHA
Kerry Lee,1998,CHN,2012,CHN
Sean David,1998,DET,2000,DET
David Scott,1998,FLO,2004,TOR
Brian Christopher,1998,FLO,1999,FLO
Joseph Daniel,1998,FLO,1998,FLO
Alexander,1998,FLO,2014,DET
Gabriel,1998,FLO,1998,FLO
Matthew Brian,1998,FLO,2006,TBA
Rafael Eduardo,1998,FLO,1999,FLO
Kevin Charles,1998,FLO,2009,TOR
Michael Patrick,1998,FLO,2010,CLE
Justin James,1998,FLO,2009,LAA
Bart Steven,1998,KCA,1998,KCA
Mendy,1998,KCA,2004,KCA
Adrian,1998,LAN,2014,TEX
Frank Greenfield,1998,LAN,1998,LAN
Robert E.,1998,MIL,1999,MIL
Gregory Alfred,1998,MIL,1998,MIL
Travis Steven,1998,MIN,1998,MIN
Robert Clifton,1998,MON,1998,MON
Carl Anthony,1998,MON,2012,MIN
DaRond Tyrone,1998,MON,1998,MON
Javier Carlos,1998,MON,2011,FLO
Orlando P.,1998,NYA,2007,NYN
Michael Shane,1998,NYA,2004,NYN
Jay Weldon,1998,NYA,2002,NYA
Masato,1998,NYN,2002,MON
William Blake,1998,OAK,2002,KCA
Jason William,1998,OAK,2008,FLO
Sean Christopher,1998,PIT,1998,PIT
Javier Antonio,1998,PIT,1998,PIT
Aramis,1998,PIT,2014,MIL
David Allen,1998,SEA,1998,SEA
Braden LaVern,1998,SLN,2009,MIL
Placido Enrique,1998,SLN,2013,MIA
Clifford Anthony,1998,SLN,2006,CHA
Luis Rolando,1998,TBA,2002,BOS
Robert Eugene,1998,TBA,2002,TBA
Dwight Randolph,1998,TBA,2010,NYA
Michael Gus,1999,ANA,2002,OAK
Scott David,1999,ANA,2010,BOS
Erubiel,1999,ARI,2005,OAK
Byung-Hyun,1999,ARI,2007,COL
Kevin Michael,1999,ATL,2000,ATL
Robert Victor,1999,BAL,2009,TOR
McKay Andrew,1999,CHA,2002,LAN
Carlos,1999,CHA,2012,HOU
Liubiemithz,1999,CHA,1999,CHA
Christopher Verdell,1999,CHA,2005,TBA
Micah Andrew,1999,CHN,2008,COL
Jose Benjamin,1999,CHN,2014,TBA
Michael Jason,1999,CIN,2010,SLN
Scott Ryan,1999,CIN,2007,BAL
David Richard,1999,CLE,2010,MIL
David Ray,1999,CLE,2008,SFN
David Richard,1999,DET,2008,HOU
Francisco Javier,1999,DET,2012,TOR
Jeffrey Charles,1999,DET,2010,LAN
Allan James,1999,FLO,2014,PHI
Ramon Abraham,1999,FLO,2011,CHA
Christopher Alan,1999,FLO,2000,FLO
Glen F.,1999,HOU,2001,HOU
William Lance,1999,HOU,2013,TEX
Orber,1999,KCA,2004,NYN
Onan Kainoa Satoshi,1999,LAN,2000,LAN
John Chad,1999,MIN,2005,TEX
Cristian,1999,MIN,2010,WAS
Jacque Dewayne,1999,MIN,2008,DET
Michael George,1999,MIN,2010,CIN
Joseph Emerson,1999,MIN,2006,KCA
Daniel Lee,1999,MIN,1999,MIN
Geoffrey Edward,1999,MON,2012,ARI
James Darron,1999,MON,1999,MON
Guillermo,1999,MON,2012,SFN
Daniel Charles,1999,MON,2003,MON
Octavio Eduardo,1999,NYN,2013,DET
Vance Allen,1999,NYN,2006,DET
Ramon Jose,1999,OAK,2013,COL
Ramon Jose,1999,OAK,2013,LAN
Timothy Adam,1999,OAK,2014,SFG
Steven Wayne,1999,PHI,2000,PHI
Scott William,1999,PIT,2006,CLE
Wiklenman Vicente,1999,SDN,2006,WAS
Thomas Joseph,1999,SEA,2002,SDN
Gilbert Allen,1999,SEA,2010,KCA
Joseph Michael,1999,SFN,2014,DET
Adam Thomas,1999,SLN,2012,LAN
Jeffrey Ross,1999,TEX,2001,TEX
William Christopher,1999,TOR,2004,CHA
Vernon M.,1999,TOR,2013,NYA
Thomas Derrick,2000,ANA,2008,MIL
Luis,2000,ATL,2000,ATL
William Anthony,2000,BAL,2000,BAL
Kelly Douglas,2000,CHA,2005,LAN
Tarrik Jumaan,2000,CHN,2000,CHN
Daniel Bracy,2000,CHN,2000,CHN
Hector Luis,2000,CIN,2003,PHI
Mark J.,2000,DET,2000,DET
Matt Taylor,2000,MIL,2000,MIL
Johan Alexander,2000,MIN,2012,NYN
Kazuhiro,2000,SEA,2003,SEA
Richard Aaron,2000,SFN,2007,CLE
Benjamin Edward,2000,SFN,2005,CIN
Damian Michael,2000,TBA,2004,TBA
Larry Dewayne,2000,TOR,2013,CHA
David Mark,2001,ANA,2010,SDN
Scott,2001,ATL,2001,ATL
Jay Jonathan,2001,BAL,2011,LAN
Shea Matthew,2001,BOS,2007,LAA
Christopher Michael,2001,CIN,2007,SEA
Charles Brandon,2001,DET,2013,PIT
Anthony Michael,2001,KCA,2001,KCA
Jose Antonio,2001,LAN,2002,SDN
Scott Edward,2001,MON,2004,CLE
Christian Michael,2001,NYA,2001,NYA
Tsuyoshi,2001,NYN,2003,NYN
Edilberto,2001,PHI,2004,SDN
Joseph Ronald,2001,PIT,2014,SEA
Jack Eugene,2001,PIT,2012,ATL
Ichiro,2001,SEA,2014,NYA
Chad Martin,2001,SLN,2001,SLN
Jose Alberto,2001,SLN,2014,LAA
Ryan Paul,2001,TOR,2009,BAL
Luis Carlos,2002,BAL,2002,BAL
Michael Thomas,2002,BAL,2002,BAL
Jon Erich,2002,CHA,2013,MIA
Jeffrey Ellis,2002,DET,2002,DET
Terry Bobby Gene,2002,DET,2002,DET
Jeremy David,2002,KCA,2014,SFG
Kazuhisa,2002,LAN,2005,NYN
Takahito,2002,MIL,2002,MIL
Satoru,2002,NYN,2002,NYN
Carlos,2002,PHI,2010,CHN
Sean Patrick,2002,SDN,2012,MIN
Steven Patrick,2002,TBA,2002,TBA
Scott Robert,2002,TOR,2006,SDN
Eric Scott,2002,TOR,2013,ARI
Joseph Dudley,2002,TOR,2002,TOR
Oscar Eduardo,2003,ARI,2008,HOU
Jose,2003,BAL,2003,BAL
Javier Alfonso,2003,COL,2014,SFG
Jose Miguel,2003,FLO,2014,DET
Thomas Allen,2003,FLO,2005,MIL
Daniel,2003,KCA,2012,NYN
Rontrez DeMon,2003,KCA,2003,KCA
Matthew Lee,2003,MIL,2003,MIL
Luis Ignacio,2003,MON,2013,BAL
Ronald Isiah,2003,MON,2004,MON
Chase Cameron,2003,PHI,2014,PHI
Shane Patrick,2003,SDN,2014,BOS
Michael Seth,2003,TBA,2009,MIL
Mark Charles,2003,TEX,2014,NYA
Aquilino,2003,TOR,2008,DET
David Adam,2004,ATL,2014,WAS
Jose Antonio,2004,BAL,2014,TOR
Shingo,2004,CHA,2005,CHA
Michael James,2004,CHN,2011,OAK
Luis Alberto,2004,COL,2006,COL
David Jeffrey,2004,MIL,2009,ATL
Joseph Patrick,2004,MIN,2014,MIN
Terrmel,2004,MON,2007,SDN
Kazuo,2004,NYN,2010,HOU
Tyler Kali,2004,NYN,2009,PIT
Jose Rondon,2004,PIT,2008,SFN
Akinori,2004,SDN,2007,TEX
Jason Ernest,2004,SDN,2004,SDN
Simon Emilio,2004,TOR,2004,TOR
Tadahito,2005,CHA,2008,SDN
Jeffrey Glen,2005,COL,2014,MIA
Ryan Andrew,2005,COL,2009,COL
Cory,2005,COL,2010,HOU
Luke Brandon,2005,HOU,2013,TBA
Andrew Frank,2005,KCA,2007,CHA
Mark Thomas,2005,KCA,2011,CHA
Stephen John,2005,LAN,2005,LAN
James Jerry,2005,MIL,2014,BAL
Dae-Sung,2005,NYN,2005,NYN
Huston Lowell,2005,OAK,2014,SDN
Keiichi,2005,OAK,2008,SFN
Tony Hemiphere,2005,WAS,2005,WAS
Nicholas William,2006,BAL,2014,BAL
Sendy,2006,BAL,2006,BAL
Boone,2006,CHA,2014,COL
Sean Christopher,2006,CHN,2014,CIN
Angel Manuel,2006,CHN,2014,SFG
Joel Martin,2006,DET,2010,DET
Carlos Enrique,2006,FLO,2014,MIN
Daniel Cooley,2006,FLO,2014,ATL
Taylor,2006,HOU,2011,NYN
Fernando Alexis,2006,HOU,2010,NYN
Brian Patrick,2006,NYN,2010,KCA
Joshua LaRoy,2006,SDN,2009,CLE
Kenji,2006,SEA,2009,SEA
Jason Lee,2006,TBA,2006,TBA
Ruddy Joraider,2006,TBA,2007,TBA
Ian Michael,2006,TEX,2014,DET
Brian David,2007,ARI,2010,FLO
Daisuke,2007,BOS,2014,NYM
John William,2007,CHA,2014,CHA
Gustavo Eduardo,2007,CHA,2011,NYA
Levi Jared,2007,CIN,2014,MIN
Jonathan Thomas,2007,CIN,2007,CIN
Joshua Holt,2007,CIN,2014,LAA
Alejandro Alberto,2007,FLO,2014,CHA
Matthew Raymond,2007,FLO,2014,CHA
Alex Jonathan,2007,KCA,2014,KCA
Joseph Michael,2007,NYN,2014,LAA
Travis George,2007,OAK,2012,HOU
Ryan Dean,2007,PHI,2010,LAA
Donald Thomas,2007,PIT,2014,DET
Brandon John,2007,SEA,2014,TOR
Sean Thomas,2007,SEA,2010,SEA
Elijah David,2007,TBA,2009,WAS
Akinori,2007,TBA,2010,PIT
Jesus Miguel,2007,WAS,2012,WAS
Gregor Miguel,2008,ATL,2014,SFG
Randor,2008,BAL,2008,BAL
Alexei Fernando,2008,CHA,2014,CHA
Kosuke,2008,CHN,2012,CHA
Johnny,2008,CIN,2014,CIN
Masahide,2008,CLE,2009,CLE
Jayson Truitt Edward,2008,COL,2014,PHI
Dequam LaWesley,2008,HOU,2014,CHN
Matthew David,2008,KCA,2008,KCA
Darren Christopher,2008,LAA,2014,BAL
Hiroki,2008,LAN,2014,NYA
Christopher Matthew,2008,MIN,2011,MIN
Humberto A.,2008,NYA,2008,NYA
Fernando,2008,OAK,2008,OAK
Callix Sadeaq,2008,SDN,2008,SDN
Jose Carlos,2008,SDN,2008,SDN
Enrico Aliceno,2008,SLN,2008,SLN
Elliot Tyler,2008,TBA,2014,CLE
Kazuo,2008,TEX,2008,TEX
Kenshin,2009,ATL,2010,ATL
Jordan James,2009,ATL,2014,MIN
Koji,2009,BAL,2014,BOS
David Christopher,2009,CHN,2009,CHN
Frederick Alfred,2009,DET,2014,DET
Brian Matthew,2009,MIN,2014,MIN
Ramiro Gauna,2009,NYA,2014,ATL
Brett Franklin,2009,OAK,2014,COL
Andrew Scott,2009,OAK,2013,BOS
Trevor John,2009,OAK,2014,ARI
Landon Reed,2009,OAK,2011,OAK
Jason Cory,2009,PIT,2011,PIT
Donald Tyrone,2009,PIT,2014,CHA
Everth,2009,SDN,2014,SDN
Lucas John,2009,SDN,2014,OAK
Edwin A.,2009,SDN,2009,SDN
Walter,2009,SDN,2009,SDN
Shawn Andrew,2009,SEA,2014,NYA
David Richard,2009,SLN,2014,LAA
Colby Ryan,2009,SLN,2014,TOR
Elvis Augusto,2009,TEX,2014,TEX
Ricardo,2009,TOR,2013,TOR
Jordan,2010,ARI,2012,OAK
Jason Alias,2010,ATL,2014,ATL
Sergio Jose,2010,CHA,2014,TOR
James Clayton,2010,CHN,2014,CHN
Logan Jared,2010,CIN,2014,CIN
Austin Jarriel,2010,DET,2014,SEA
Carlos,2010,LAN,2010,LAN
Andrew Edward,2010,MIN,2014,LAN
Ruben Dario,2010,NYN,2014,NYM
Tyson William,2010,OAK,2014,SDN
Kenneth David,2010,PHI,2012,PHI
John Patrick,2010,PIT,2010,PIT
Kanekoa Jacob,2010,SEA,2011,KCA
Allen Thomas,2010,SLN,2014,BOS
Jesse Logan,2010,WAS,2010,WAS
Brayan Rene,2011,DET,2013,DET
Timothy Michael,2011,KCA,2014,KCA
Aaron James,2011,KCA,2014,KCA
Ivan,2011,LAN,2012,LAN
Bradley Mark,2011,NYN,2011,NYN
Michael John,2011,PIT,2011,PIT
Joshua Joel,2011,PIT,2011,PIT
Cedric Scott,2011,SDN,2011,SDN
Joshua William,2011,SEA,2014,TBA
Thomas Mark,2011,SEA,2014,SEA
Brandon Kyle,2011,SFN,2014,SFG
Christopher John,2011,SLN,2012,BOS
Mason Reed,2011,TEX,2011,TEX
Brian Michael,2011,WAS,2011,WAS
Tyler Brock,2012,ATL,2014,ATL
Wei-Yin,2012,BAL,2014,BAL
Ryan Edward,2012,BAL,2014,BAL
Lendy Enrique,2012,CHN,2012,CHN
Rhiner Allen,2012,HOU,2013,HOU
Marwin Javier,2012,HOU,2014,HOU
Norichika,2012,MIL,2014,KCA
Yoenis,2012,OAK,2014,OAK
Freddy Jose,2012,PHI,2014,PHI
Hisashi,2012,SEA,2014,SEA
Daniel Anthony,2012,SFN,2014,OAK
Erik Jordan,2012,SLN,2012,SLN
Stephen Guy,2012,TBA,2014,OAK
Sefat Farid Yu,2012,TEX,2014,TEX
Robert Charles,2012,TEX,2014,TEX
Timothy J.,2013,BAL,2014,BAL
Marcus Andrew,2013,CHA,2014,CHA
Kyuji,2013,CHN,2014,CHN
Hector Luis,2013,CHN,2014,CHN
Joshua David,2013,HOU,2014,HOU
Yasiel,2013,LAN,2014,LAN
Hyun-jin,2013,LAN,2014,LAN
Kyle Trent,2013,MIA,2013,MIA
Khristopher Adrian,2013,MIL,2014,MIL
Aaron Michael,2013,MIN,2014,MIN
David Lee,2013,NYA,2013,NYA
Scott Adam,2013,NYN,2014,NYM
Brandon Eugene,2013,SEA,2014,SEA
Leury,2013,TEX,2014,CHA
Joseph,2013,TEX,2013,TEX
Jose Dariel,2014,CHA,2014,CHA
Jonathan Lee,2014,HOU,2014,HOU
Alexander,2014,LAN,2014,LAN
Masahiro,2014,NYA,2014,NYA
Miguel Alfredo,2014,PHI,2014,PHI
